ID,Tipo,REF,Nome,Publicado,"Em destaque?","Visibilidade no catálogo","Descrição curta",Descrição,"Data de preço promocional começa em","Data de preço promocional termina em","Status da taxa","Classe de taxa","Em estoque?",Estoque,"São permitidas encomendas?","Vender individualmente?","Peso (g)","Comprimento (cm)","Largura (cm)","Altura (cm)","Permitir avaliações de clientes?","Nota da compra","Preço promocional",Preço,Categorias,Tags,"Classe de entrega",Imagens,"Limite de download","Dias para expirar o download",Pai,"Produtos agrupados","Aumenta vendas","Venda cruzada","URL externa","Texto do botão","Nome do atributo 1","Valores do atributo 1","Visibilidade do atributo 1","Atributo global 1","Nome do atributo 2","Valores do atributo 2","Visibilidade do atributo 2","Atributo global 2","Nome do atributo 3","Valores do atributo 3","Visibilidade do atributo 3","Atributo global 3"
358,simple,"HAC 001","Havaianas Allegra Print",1,0,visible,,"Havaianas Allegra chegam para oferecer conforto em momentos ideais para relaxar! Possuí estampa jovem e feminina com solado emborrachado Ice Blue e tiras slim na cor Coral. 
",,,taxable,,1,,0,0,313,280,110,60,0,,,20.10,"#verão > #havaianas, #kitpresentes, #verão","#havaianas, #kit2, #kitpresente, #verão",,"http://www.bulkdesign.com.br/aniastore/wp-content/uploads/2017/11/Allegra-IceBlueCoralNew-3.jpg, http://www.bulkdesign.com.br/aniastore/wp-content/uploads/2017/11/Allegra-IceBlueCoralNew2.jpg, http://www.bulkdesign.com.br/aniastore/wp-content/uploads/2017/11/Allegra-IceBlueCoralNew1.jpg",,,,,,,,,Cor,"Coral e Ice Blue",1,1,"Tamanho Adulto","33/34, 35/36, 37/38, 39/40",1,1,,,,
364,simple,"HSP 002","Havaianas Slim Petunia",1,0,visible,,"Havaianas Slim é perfeita para mulheres com estilo clássico e delicado. Possui solado emborrachado e tiras Slim na cor Petunia. 
",,,taxable,,1,,0,0,313,280,110,60,0,,,25.90,"#verão > #havaianas, #kitpresentes, #verão","#havaianas, #kit3, #kitpresente, #verão",,"http://www.bulkdesign.com.br/aniastore/wp-content/uploads/2017/11/Slim-Petunia1-1.jpg, http://www.bulkdesign.com.br/aniastore/wp-content/uploads/2017/11/Slim-Petunia.jpg, http://www.bulkdesign.com.br/aniastore/wp-content/uploads/2017/11/Slim-Petunia.2.jpg",,,,,,,,,Cor,Petunia,1,1,,,,,,,,
369,simple,"HCL 003","Havaianas Slim LED",1,0,visible,,"Havaianas Slim Candy é perfeita para mulheres jovens e fashionistas, ideal para momentos descontraídos. Possui solado emborrachado e tiras Slim com aplicações de ilhos na cor Led.
",,,taxable,,1,,0,0,313,280,110,60,0,,,25.90,"#verão > #havaianas, #kitpresentes, #verão","#havaianas, #kit3, #kitpresentes, #verão",,"http://www.bulkdesign.com.br/aniastore/wp-content/uploads/2017/11/Slim-Candy-Amarelo-Led2-1.jpg, http://www.bulkdesign.com.br/aniastore/wp-content/uploads/2017/11/Slim-Candy-Amarelo-Led1.jpg, http://www.bulkdesign.com.br/aniastore/wp-content/uploads/2017/11/Slim-Candy-Amarelo-Led.jpg",,,,,,,,,Cor,Led,1,1,,,,,,,,
374,simple,"HCC 004","Havaianas Slim Candy",1,0,visible,,"As Havaianas Slim Candy possui solado emborrachado e tiras Slim com aplicações de ilhos na cor Laranja Cyber. É ideal para mulheres contemporâneas, que adoram se sentir confortável nos momentos de diversão. ",,,taxable,,1,,0,0,313,28,11,6,0,,,25.90,"#verão > #havaianas, #kitpresentes, #verão","#havaianas, #kit3, #kitpresentes, #verão",,"http://www.bulkdesign.com.br/aniastore/wp-content/uploads/2017/11/Slim-Candy-Laranja-Cyber-1.jpg, http://www.bulkdesign.com.br/aniastore/wp-content/uploads/2017/11/Slim-Candy-Laranja-Cyber.2.jpg, http://www.bulkdesign.com.br/aniastore/wp-content/uploads/2017/11/Slim-Candy-Laranja-Cyber1.jpg",,,,,,,,,Cor,"Laranja Cyber",1,1,,,,,,,,
378,simple,"HPM 005","Havaianas Slim Pop Up",1,0,visible,,"Havaianas Slim Logo Pop Up possuí solado emborrachado na cor Rosa Maravilha e tiras Slim na cor Verde Piscina, é perfeita para mulheres modernas e cheias de charme.

",,,taxable,,1,,0,0,313,28,11,6,0,,,34.10,"#verão > #havaianas, #kitpresentes, #verão","#havaianas, #kit3, #kitpresentes, #verão",,"http://www.bulkdesign.com.br/aniastore/wp-content/uploads/2017/11/Slim-Logo-Pop-Up-Maravilha-1.jpg, http://www.bulkdesign.com.br/aniastore/wp-content/uploads/2017/11/Slim-Logo-Pop-Up-Maravilha1-1.jpg",,,,,,,,,Cor,"Rosa Maravilha",1,1,,,,,,,,
382,simple,"HKF 006","Havaianas Teen Slim Fresh",1,0,visible,,"Com estampa jovem e divertida, solado emborrachado na cor Purpura e tiras slim na cor Amarela, as Havaianas Teen Slim Fresh, são ideais para momentos de distração e lazer. ",,,taxable,,1,,0,0,189,23,9,35,0,,,25.90,"#kids > #Havaianas, #kids, #kitpresentes","#havaianas, #kids, #kit2, #kitpresentes",,"http://www.bulkdesign.com.br/aniastore/wp-content/uploads/2017/11/giphy-1.gif, http://www.bulkdesign.com.br/aniastore/wp-content/uploads/2017/11/Slim-Fresh-Infantil-Purpura2.jpg, http://www.bulkdesign.com.br/aniastore/wp-content/uploads/2017/11/Slim-Fresh-Infantil-Purpura1.jpg, http://www.bulkdesign.com.br/aniastore/wp-content/uploads/2017/11/Slim-Fresh-Infantil-Purpura.jpg",,,,,,,,,Cor,Purpura,1,1,,,,,,,,
387,simple,"HKP 007","Havaianas Kids Slim Pop",1,0,visible,,"Com estampa super divertida e refrescante, solado emborrachado com estampa de sorvete, tiras slim na cor Rose e aplicação de colherzinha Gold, as Havaianas Kids Slim Pop são perfeitas para aproveitar os momentos animados com a turma. 
",,,taxable,,1,,0,0,189,23,9,35,0,,,32.90,"#kids > #Havaianas, #kids, #kitpresentes","#havaianas, #kids, #kit3, #kitpresentes, #verão",,"http://www.bulkdesign.com.br/aniastore/wp-content/uploads/2017/11/giphy-2.gif, http://www.bulkdesign.com.br/aniastore/wp-content/uploads/2017/11/Slim-Pop-Rose-Gold.jpg, http://www.bulkdesign.com.br/aniastore/wp-content/uploads/2017/11/Slim-Pop-Rose-Gold.2.jpg",,,,,,,,,Cor,"Rose Gold",1,1,,,,,,,,
391,simple,"HKM 008","Havaianas Kids Minions",1,0,visible,,"Inspirada nos personagens e no universo minions, as Havaianas Kids Minions possui solado emborrachado Azul com tiras na cor amarela. Ideal para seus pequenos se sentirem confortáveis nos momentos divertidos e descontraídos. 
",,,taxable,,1,,0,0,189,23,9,35,0,,,32.90,"#kids > #Havaianas, #kids, #kitpresentes","#havaianas, #kids, #kit3, #kitpresentes, #verão",,"http://www.bulkdesign.com.br/aniastore/wp-content/uploads/2017/11/giphy.gif, http://www.bulkdesign.com.br/aniastore/wp-content/uploads/2017/11/Kids-Minions-Azul1.jpg, http://www.bulkdesign.com.br/aniastore/wp-content/uploads/2017/11/Kids-Minions-Azul.jpg",,,,,,,,,Cor,Azul,1,1,"Tamanho Infantil","23/24, 24/25, 25/26, 26/27, 27/28, 28/29, 29/30, 30/31, 31/32",1,1,,,,
397,simple,"TPN 001","Toalha de Praia Naútica",1,0,visible,,"Toalha de Praia Teka - Málaga, aveludada, com estampa náutica e aplicação de grelot na cor branco. Confeccionada em tecido 100% algodão ideal para um pós banho de mar ou de piscina. 
",,,taxable,,1,3,0,0,330,150,75,,0,,,54.90,"#kitpresentes, #verão > #toalhas, #verão","#kit4, #kitpresentes, #praia, #toalhas, #verão",,http://www.bulkdesign.com.br/aniastore/wp-content/uploads/2017/11/toalha-praia-ancora-ania-store.jpg,,,,,,,,,Estampa,Naútica,1,0,,,,,,,,
399,simple,"TPS 002","Toalha de Praia Surf",1,0,visible,,"Uma peça perfeita para você levar à praia ou piscina na hora de pegar sol ou se secar após um ótimo mergulho. A Toalha de Praia Teka - Málaga, aveludada, com estampa de surfista na praia e aplicação de grelot na cor laranja é confeccionada em tecido 100% algodão. ",,,taxable,,1,2,0,0,330,150,75,,0,,,54.90,"#kitpresentes, #kids > #Toalha, #verão > #toalhas, #verão","#kit4, #kitdepresente, #praia, #toalhas, #verão",,http://www.bulkdesign.com.br/aniastore/wp-content/uploads/2017/11/toalha-praia-surf-ania-store.jpg,,,,,,,,,Estampa,"Surfista na Praia",1,0,,,,,,,,
402,simple,"TPS 003","Toalha de Praia Tropical",1,0,visible,,"A hora de ir à praia já é considerada uma hora muito divertida, tanto para ir com os amigos quanto com a família, e é possível tornar esse momento ainda mais especial! A Toalha de Praia Teka é confeccionada em tecido 100% algodão, possui estampa Tropical e aplicação de grelot na cor mostarda.",,,taxable,,1,3,0,0,330,150,75,,0,,,54.90,"#kitpresentes, #verão > #toalhas, #verão","#kit4, #kitdepresente, #praia, #toalhas, #verão",,http://www.bulkdesign.com.br/aniastore/wp-content/uploads/2017/11/toalha-praia-aniastore-1.jpg,,,,,,,,,Estampa,Tropical,1,0,,,,,,,,
404,simple,"TPS 004","Toalha de praia Flamingo",1,0,visible,,"Toalha de Praia Teka - Málaga e aveludada, com estampa vibrante de Flores e Flamingos e aplicação de grelot na cor pink, é perfeita para momentos animados e descontraídos, como ir á praia ou piscina. 
",,,taxable,,1,2,0,0,330,150,75,,0,,,54.90,"#kitpresentes, #verão > #toalhas, #verão","#kit4, #kitdepresente, #praia, #toalhas, #verão",,http://www.bulkdesign.com.br/aniastore/wp-content/uploads/2017/11/toalha-praia-flamingo-ania-store-1.jpg,,,,,,,,,Estampa,"Flores e Flamingos",1,0,,,,,,,,
406,simple,"TPB 005","Toalha de Praia Boia",1,0,visible,,"Toalha de Praia Lepper - Aloha, aveludada, com estampa divertida de moça flutuando na boia e aplicação de grelot na cor vermelha, é confeccionada em tecido 55% algodão e 45% poliéster. Perfeita para os momentos de descontração com os amigos e família. ",,,taxable,,1,4,0,0,330,140,70,,0,,,37.90,"#kitpresentes, #verão > #toalhas, #verão","#kit3, #kitdepresente, #praia, #toalhas, #verão",,http://www.bulkdesign.com.br/aniastore/wp-content/uploads/2017/11/toalha-praia-aloha-ania-store-1.jpg,,,,,,,,,Estampa,"Moça com boia",1,0,,,,,,,,
408,simple,"TPA 006","Toalha de Praia Aloha",1,0,visible,,"Confeccionada em tecido 55% algodão e 45% poliéster, a toalha de Praia Lepper - Aloha, aveludada, com estampa divertida de carro amarelo e aplicação de grelot na cor vermelha é perfeita para praia ou piscina na hora de pegar sol ou se secar após um ótimo mergulho. 

",,,taxable,,1,4,0,0,330,140,70,,0,,,37.90,"#kitpresentes, #verão > #toalhas, #verão","#kit3, #kitdepresente, #praia, #toalhas, #verão",,http://www.bulkdesign.com.br/aniastore/wp-content/uploads/2017/11/Carro_Aloha.jpg,,,,,,,,,Estampa,Aloha,1,0,,,,,,,,
411,simple,"TPB 008","Toalha de Praia Placas Beach",1,0,visible,,"A toalha de Praia Lepper - Beach, aveludada, com estampa divertida de placas e aplicação de grelot na cor rosa.
Confeccionada em tecido 55% algodão - 45% poliéster, é perfeita para seus momentos na praia ou piscina.
 
",,,taxable,,1,4,0,0,330,140,70,,0,,,37.90,"#kitpresentes, #verão > #toalhas, #verão","#kit3, #kitpresente, #praia, #toalhas, #verão",,http://www.bulkdesign.com.br/aniastore/wp-content/uploads/2017/11/Placas_Beach.jpg,,,,,,,,,Estampa,"Placas Beach",1,0,,,,,,,,
414,simple,"TPF 007","Toalha de Praia Fresh",1,0,visible,,"Toalha de Praia Lepper, possui estampa super tropical em elementos como limão e picolé e aplicação de grelot na cor rosa. É Confeccionada em tecido 55% algodão e 45% poliéster, perfeita para seus momentos de descontração. 
",,,taxable,,1,4,0,0,330,140,70,,0,,,45.10,"#kitpresentes, #verão > #toalhas, #verão","#kit4, #kitpresente, #praia, #toalha, #verão",,http://www.bulkdesign.com.br/aniastore/wp-content/uploads/2017/11/Picolé_Fresh.jpg,,,,,,,,,Estampa,"Fresh Tropical",1,0,,,,,,,,
416,simple,"TPC 008","Toalha de Praia Caipirinha",1,0,visible,,"A toalha de Praia Lepper - Fresh possui estampa super tropical caipirinha e aplicação de grelot na cor rosa.
É confeccionada em tecido 55% algodão e 45% poliéster ideal para aquelas ocasiões divertidas com a turma. ",,,taxable,,1,4,0,0,330,140,70,,0,,,45.10,"#kitpresentes, #verão > #toalhas, #verão","#kit4, #kitdepresente, #praia, #toalha, #verão",,http://www.bulkdesign.com.br/aniastore/wp-content/uploads/2017/11/Caipirinha_Fresh-1.jpg,,,,,,,,,Estampa,"Caipirinha Fresh",1,0,,,,,,,,
418,simple,"TPC 009","Toalha de Praia Conchas",1,0,visible,,"Toalha de Praia Lepper - Transfer, é confeccionada em tecido 55% algodão e 45% poliéster, possui estampa super realista de conchas e estrelas do mar e aplicação de grelot na cor mostarda. Ideal para ocasiões divertidas e descontraídas com a familia e amigos.",,,taxable,,1,5,0,0,330,140,75,,0,,,45.10,"#kitpresentes, #verão > #toalhas, #verão","#kit4, #kitpresente, #praia, #tolhas, #verão",,http://www.bulkdesign.com.br/aniastore/wp-content/uploads/2017/11/toalha-praia-conchas-ania-store-1-1.jpg,,,,,,,,,Estampa,"Conchas Super Realistas",1,0,,,,,,,,
421,simple,"TPP 010","Toalha de Praia Picolé",1,0,visible,,"Toalha de Praia Lepper - É aveludada com estampa super realista de picolé e aplicação de grelot na cor branco.
Confeccionada em tecido 55% algodão e 45% poliéster, perfeita para te acompanhar nos momentos mais divertidos de praia e piscina. ",,,taxable,,1,5,0,0,330,140,70,,0,,,45.10,"#kitpresentes, #verão > #toalhas, #verão","#kit4, #kitdepresente, #praia, #toalha, #verão",,http://www.bulkdesign.com.br/aniastore/wp-content/uploads/2017/11/Transfer_Picolé.jpg,,,,,,,,,Estampa,"Picolé Super Realista",1,0,,,,,,,,
423,simple,"TPD 011","Toalha de Praia Summer Dog",1,0,visible,,"Toalha de Praia Lepper - Aveludada com estampa super realista de summer dog e aplicação de grelot na cor branca.
É Confeccionado em tecido 55% algodão e 45% poliéster. Uma ótima opção para mulheres contemporâneas e fashionistas.  
",,,taxable,,1,5,0,0,330,140,75,,0,,,45.10,"#kitpresentes, #verão > #toalhas, #verão","#kit4, #kitpresente, #praia, #toalha, #verão",,http://www.bulkdesign.com.br/aniastore/wp-content/uploads/2017/11/Transfer_Summer_Dog.jpg,,,,,,,,,Estampa,"Summer dog",1,0,,,,,,,,
425,simple,"TAL 012","Toalha de Praia Animal Print Lilás",1,0,visible,,"Toalha Lepper - Animale, felpuda, com estampa Animal print na cor Lilas e aplicação de grelot na cor preto.
Confeccionado em tecido 95% algodão e 05% poliéster. Ideal para mulheres modernas e atuais. 
",,,taxable,,1,,0,0,330,120,60,,0,,,32.50,"#kitpresentes, #verão > #toalhas, #verão","#kit3, #kitpresente, #praia, #toalha, #verão",,,,,,,,,,,Estampa,"Animal Print Lilás",1,0,,,,,,,,
426,simple,"TKB 015","Toalha Kids Birds",1,0,visible,,"Toalha Lepper - Birds, felpuda, com estampa delicada de passarinhos e corujas e aplicação de grelot na cor rosa.
Confeccionada em tecido 95% algodão e 05% poliéster, perfeita para momentos divertidos em família ou com a turma. ",,,taxable,,1,6,0,0,330,110,60,,0,,,37.90,"#kids, #kitpresentes, #kids > #Toalha","#kids, #kit3, #kitpresente, #praia, #toalha",,http://www.bulkdesign.com.br/aniastore/wp-content/uploads/2017/11/TOB_Birds.jpg,,,,,,,,,Estampa,"Pássaros e corujas",1,0,,,,,,,,
435,simple,,"Toalha de Praia Beira Mar",1,0,visible,,"Toalha de Praia Lepper - Beach, aveludada, com estampa alegre com beira mar em um belo dia verão e aplicação de grelot na cor rosa. Confeccionado em tecido 55% algodão - 45% poliéster. Seca rápido. ",,,taxable,,1,4,0,0,330,140,70,,0,,,37.90,,,,http://www.bulkdesign.com.br/aniastore/wp-content/uploads/2017/11/Beira-mar_Beach.jpg,,,,,,,,,Estampa,"Beira Mar",1,0,,,,,,,,
457,simple,"BPA 001","Bolsa de Palha Shine Ibiza",1,0,visible,,"Bolsa confeccionada em fibra natural (palha), forrada em crepe na cor amarela. Possui detalhes em franja dourada e chaveiro de coração. Perfeita para te acompanhar em suas férias ou no fim de semana. ",,,taxable,,1,2,0,0,261,24,10,19,0,,,155.10,"#verão > #bolsas, #verão","#bolsas, #fibranatural, #verão, palha",,http://www.bulkdesign.com.br/aniastore/wp-content/uploads/2017/11/bolsa-palha-shine-ibiza-ania-store-1.png,,,,,,,,,Cor,Amarela,1,1,Tamanhos,P,1,1,,,,
461,simple,"BTA 002","Bolsa de Taboa Dune",1,0,visible,,"Bolsa estruturada em Taboa, forrada em tecido listrado nas cores azul e salmão com meia alça no mesmo tecido e detalhes em pompom. Possui amplo espaço interno perfeito para te acompanhar em qual quer lugar. ",,,taxable,,1,1,0,0,263,24,8,8,0,,,185.50,"#verão > #bolsas, #verão","#bolsas, #praia, #taboa, #verão, palha",,http://www.bulkdesign.com.br/aniastore/wp-content/uploads/2017/11/bolsa-taboa-dune-ania-store-1.png,,,,,,,,,Cor,Azul,1,0,Tamanhos,P,1,1,,,,
462,simple,"BTP 003","Bolsa de Taboa Hood's Bay",1,0,visible,,"Bolsa de Taboa forrada em crepe listrado nas cores preto e rosa, meia alça no mesmo tecido e detalhes em renda preta, com chaveiro de coração, uma peça ideal para seu repertório de verão!",,,taxable,,1,1,0,0,263,24,8,8,0,,,185.50,"#verão > #bolsas, #verão","#bolsas, #taboa, #verão, palha",,http://www.bulkdesign.com.br/aniastore/wp-content/uploads/2017/11/bolsa-taboa-hoods-Bay-ania-store-2.png,,,,,,,,,Cor,"Rosa Envelhecido e Preto",1,0,Tamanhos,P,1,1,,,,
463,simple,"BPV 004","Bolsa de Palha Matira",1,0,visible,,"Bolas de Palha forrada em viscose estampado com folhagens nas cores vermelho e salmão, meia alça no mesmo tecido e detalhes em fita estampada e franja, com maxi chaveiro em formato de costela de adão. Um acessório perfeito para uma mulher moderna e contemporânea. ",,,taxable,,1,1,0,0,498,35,12,26,0,,,214.90,"#verão > #bolsas, #verão","#praia, #verão, bolsa, palha",,http://www.bulkdesign.com.br/aniastore/wp-content/uploads/2017/11/bolsa-palha-matira-ania-store-1.png,,,,,,,,,Cor,Vermelho,1,0,Tamanhos,G,1,1,,,,
465,simple,"BPF 006","Bolsa de Palha Atlantic Pineapple",1,0,visible,,"Bolsa de Palha forrada em tecido fluor na cor laranja, meia alça no mesmo tecido e detalhes em fita estampada e pompons na cor azul, com maxi chaveiro em formato de abacaxi. Ideal para te acompanhar nos momentos de descontração com a família ou amigos. ",,,taxable,,1,2,0,0,498,35,12,26,0,,,214.90,"#verão > #bolsas, #verão","#praia, #verão, bolsa, palha",,http://www.bulkdesign.com.br/aniastore/wp-content/uploads/2017/11/bolsa-palha-atlantic-pineple-ania-store.png,,,,,,,,,Cor,"Laranja Fluor",1,0,Tamanhos,G,1,1,,,,
468,simple,"BPA 007","Bolsa de Palha Búzios",1,0,visible,,"Bolsa de Palha forrada em seda estampada floral nas cor azul e laranja, meia alça no mesmo tecido e detalhes em fita estampada, franja na cor azul e buzios. Perfeita para te acompanhar à todos os lugares e momentos divertidos. ",,,taxable,,1,2,0,0,459,35,12,26,0,,,224.50,"#verão > #bolsas, #verão","#praia, #verão, bolsa, palha",,http://www.bulkdesign.com.br/aniastore/wp-content/uploads/2017/11/bolsa-palha-buzios-ania-store-1.png,,,,,,,,,Estampa,Floral,1,0,Cor,"Azul e Laranja",1,0,Tamanhos,G,1,1
471,simple,"BPR 008","Bolsa de Palha Curaçao",1,0,visible,,"Bolsa de Palha forrada em tecido listrado nas cores rosa e transparente, meia alça no mesmo tecido e detalhes em fita estampada na cor azul. Seu design em tamanho compacto e seu estilo sofisticado é ideal para os itens essenciais. ",,,taxable,,1,2,0,0,425,35,12,26,0,,,214.90,"#verão > #bolsas, #verão","#praia, #verão, bolsa, palha",,http://www.bulkdesign.com.br/aniastore/wp-content/uploads/2017/11/bolsa-palha-curação-ania-store.png,,,,,,,,,Estampa,Listrada,1,0,Tamanhos,G,1,1,,,,
474,simple,"BPA 010","Bolsa de Palha Mia Beach",1,0,visible,,"Bolas de Palha forrada em tecido listrado nas cores azul e branco, alça meia em cetim branco, palmeira e detalhes em grelot na cor rosa. ",,,taxable,,1,1,0,0,598,35,12,26,0,,,214.90,"#verão > #bolsas, #verão","#praia, #verão, bolsa, palha",,http://www.bulkdesign.com.br/aniastore/wp-content/uploads/2017/11/bolsa-palha-mia-beach-ania-store-4.png,,,,,,,,,Cor,"Azul e Branco",1,0,Estampa,Listrado,1,0,Tamanhos,M,1,1
478,simple,"BPA 012","Bolsa de Palha Santorini",1,0,visible,,"Bolas de Palha forrada em tecido liso na cor verde, com passafita em tecido estampado na cor azul e chaveiro olho grego e pompom na cor cinza. Um acessório ideal para mulheres atuais e modernas. ",,,taxable,,1,1,0,0,675,40,12,30,0,,,251.90,"#verão > #bolsas, #verão","#praia, #verão, bolsa, palha",,http://www.bulkdesign.com.br/aniastore/wp-content/uploads/2017/11/bolsa-palha-santorin-ania-store.png,,,,,,,,,Cor,"Verde e Azul",1,1,Tamanhos,G,1,1,,,,
482,simple,"BPV 013","Bolsa de Palha Flúor Tamae",1,0,visible,,"Bolas de Palha forrada em elanca estampada em diferentes tons neon, passafita em tecido tule na cor verde neon e chaveiros cavalo marinho e concha do mar. Uma peça perfeita para te acompanhar em ocasiões divertidas com a família e amigos. ",,,taxable,,1,1,0,0,713,40,12,30,0,,,251.90,"#verão > #bolsas, #verão","#praia, #verão, bolsa, palha",,http://www.bulkdesign.com.br/aniastore/wp-content/uploads/2017/11/bolsa-palha-fluor-tamae-ania-store-1.png,,,,,,,,,Cor,"Verde Neon",1,1,Tamanhos,G,1,1,,,,
486,simple,"BPV 014","Bolsa de Palha Pink Tamae",1,0,visible,,"Bolas de Palha forrada em elanca estampada em diferentes tons neon, passafita em tecido tule na cor amarelo neon e chaveiros cavalo marinho e concha do mar. Um acessório perfeito para seus momentos de férias e diversão com a turma. ",,,taxable,,1,1,0,0,790,40,12,30,0,,,251.90,"#verão > #bolsas, #verão","#pallha, #praia, #verão, bolsa",,http://www.bulkdesign.com.br/aniastore/wp-content/uploads/2017/11/bolsa-palha-pink-tamae-ania-store.png,,,,,,,,,Cor,"Amarelo Neon",1,0,Tamanhos,G,1,1,,,,
487,simple,"BPT 016","Bolsa de Palha Sweet Maya",1,0,visible,,"Bolsas de Palha forrada em tecido estampado em diferentes tons te azul com palmeiras, passafita em viscose na cor tiffani e chaveiros de estrelas do mar nas cores tiffani, rosa e golden. Ideal para te acompanhar em qual quer lugar de suas férias. ",,,taxable,,1,1,0,0,700,40,12,30,0,,,251.90,"#verão > #bolsas, #verão","#praia, #verão, bolsa, palha",,http://www.bulkdesign.com.br/aniastore/wp-content/uploads/2017/11/bolsa-palha-sweet-maya-ania-store-1.png,,,,,,,,,Cor,"Rosa e Tiffany",1,0,Tamanhos,G,1,1,,,,
488,simple,"BPM 017","Bolsa de Palha Dark Maya",1,0,visible,,"Bolsa confeccionada em Fibras Naturais (Palha) forrada em tecido estampado em diferentes tons te azul com palmeiras, passafita em viscose na cor marsala e chaveiros de estrelas do mar nas cores azul, rosa e golden. ",,,taxable,,1,1,0,0,675,40,12,30,0,,,251.90,"#verão > #bolsas, #verão","#bolsas, #praia, #verão, palha",,http://www.bulkdesign.com.br/aniastore/wp-content/uploads/2017/11/bolsa-palha-dark-maya-ania-store.png,,,,,,,,,Cor,"Azul, Rosa e Golden",1,0,Tamanhos,G,1,1,,,,
516,simple,"BKA 001","Bolsa de Palha Flúor Pineapple",1,0,visible,,"Bolsa Kids de Palha forrada em cetim na cor amarela, aplicação de abacaxi, alça e passafita na cor laranja. Um acessório perfeito para acompanhar suas princesas em todos os momentos de diversão.  ",,,taxable,,1,2,0,0,95,18,9,13,0,,,79.90,"#kids > #Bolsa, #kids","#bolsas, #kids, #praia, #verão, palha",,http://www.bulkdesign.com.br/aniastore/wp-content/uploads/2017/11/bolsa-palha-fluor-pineple-ania-store.png,,,,,,,,,Tamanhos,P,1,1,Cor,Rosa,1,1,,,,
517,simple,"BKC 002","Bolsa de Palha Ipanema",1,0,visible,,"Bolsa Kids estruturada em Palha forrada em cetim na cor coral, aplicação de corações, franja e passafita. Possui espaço interno amplo para suas pequenas carregarem muita diversão. ",,,taxable,,1,1,0,0,98,18,9,13,0,,,79.90,"#kids > #Bolsa, #kids","#kids, #praia, #verão, bolsa, palha",,http://www.bulkdesign.com.br/aniastore/wp-content/uploads/2017/11/bolsa-palha-ipanema-ania-store.png,,,,,,,,,Cor,"Verde Neon",1,1,Tamanhos,P,1,1,,,,
518,simple,"BKT 003","Bolsa de Palha Aruba",1,0,visible,,"Bolsa Kids de Palha forrada em malha com estampa tropical , passafita na cor amarelo neon com chaveiros picolé e flamingo. Uma peça ideal para meninas moderninhas e divertidas. ",,,taxable,,1,2,0,0,115,18,9,13,0,,,85.90,"#kids > #Bolsa, #kids","#bolsas, #kids, #verão, palha",,http://www.bulkdesign.com.br/aniastore/wp-content/uploads/2017/11/bolsa-palha-aruba-ania-store-1.png,,,,,,,,,Cor,"Amarelo Neon e Rosa",1,1,Tamanhos,P,1,1,,,,
520,simple,"BKV 004","Bolsa de Palha Bubble Cake",1,0,visible,,"Bolsa Kids de Palha forrada em elastano estampado com cup cakies, detalhe em grelot na cor verde com chaveiro fofo de cup cake. Ideal para acompanhar suas princesas em todos os momentos divertidos do verão. ",,,taxable,,1,1,0,0,137,18,9,13,0,,,79.90,"#kids > #Bolsa, #kids","#bolsas, #kids, #praia, #verão, palha",,http://www.bulkdesign.com.br/aniastore/wp-content/uploads/2017/11/bolsa-palha-bubble-cake-ania-store.png,,,,,,,,,Tamanhos,P,1,1,Cor,"Rosa Neon",1,1,,,,
521,simple,"BKL 005","Bolsa de Palha Chocolate Cake",1,0,visible,,"Bolsa Kids estruturada em Palha, forrada em elastano estampado com cup cakies, detalhe em grelot na cor lilás com chaveiro fofo de cup cake. Um acessório perfeito para suas pequenas se divertirem nesse verão. ",,,taxable,,1,1,0,0,137,18,9,13,0,,,79.90,"#kids > #Bolsa, #kids","#kids, #praia, #verão, bolsa, palha",,http://www.bulkdesign.com.br/aniastore/wp-content/uploads/2017/11/bolsa-palha-chocolate-cake-ania-store-2.png,,,,,,,,,Tamanhos,P,1,1,Cor,"Rosa Neon",1,0,,,,
523,simple,"BKB 006","Bolsa de Palha Sweet Cake",1,0,visible,,"Bolsa Kids confeccionada em fibra natural (Palha) forrada em elastano estampado com cup cakies, detalhe em grelot na cor branco com chaveiro fofo de cup cake. Uma peça ideal para acompanhar suas meninas por todo o verão. ",,,taxable,,1,1,0,0,137,18,9,13,0,,,79.90,"#kids > #Bolsa, #kids","#kids, #praia, #verão, bolsa, palha",,http://www.bulkdesign.com.br/aniastore/wp-content/uploads/2017/11/bolsa-palha-sweet-cake-ania-store-3.png,,,,,,,,,Cor,"Rosa Neon",1,1,,,,,,,,
558,simple,BFR046,"Brinco Ruby Sofia",1,0,visible,,"Brinco ""U"" folheado a ródio, cravejado com zircônias gota na cor marsala. Uma peça sofisticada, ideal para mulheres modernas e contemporâneas. 
",,,taxable,,1,1,0,0,9,,,,0,,,165.00,"#acessórios, #acessórios > #brincos > #argolas, #acessórios > #brincos, #acessórios > #anéis > #cravejados","#brinco, #cravejados, #rubysofia, #semijoia",,http://www.bulkdesign.com.br/aniastore/wp-content/uploads/2017/11/BRINCO-CRAVEJADO-RUBYSOFIA-ANIASTORE-1.png,,,,,,,,,Tamanhos,U,1,1,,,,,,,,
561,simple,"BFR 024","Brinco Rubi Scarlet",1,0,visible,,"Brinco folhado a ródio cravejado com zircônia central na cor marsala e mini zircônias na cor branca. Um acessório ideal para mulheres atuais e modernas. 
",,,taxable,,1,1,0,0,7,,,,0,,,91.20,"#acessórios, #acessórios > #brincos, #acessórios > #brincos > #cravejados","#acessórios, #brinco, #cravejados, #semijoias",,http://www.bulkdesign.com.br/aniastore/wp-content/uploads/2017/11/BRINCO-CRAVEJADO-RUBISCARLET-ANIASTORE.png,,,,,,,,,,,,,,,,,,,,
562,simple,BFG055,"Brinco Sofie Loren",1,0,visible,,"Brinco folheado a ródio, vazado cravejado com zircônias gota na cor turmalina e brancas. Uma peça elegante para mulheres modernas e decididas. 
",,,taxable,,1,1,0,0,13,,,,0,,,272.90,"#acessórios, #acessórios > #brincos, #acessórios > #brincos > #cravejados","#brincos, #cravejados, #turmalinas",,http://www.bulkdesign.com.br/aniastore/wp-content/uploads/2017/11/BRINCO-CRAVEJADO-SOFIELOREN-ANIASTORE.png-1.jpg,,,,,,,,,Tamanhos,G,1,1,,,,,,,,
563,simple,BFR006,"Ruby Tulie",1,0,visible,,"Brinco folhado a ródio cravejado com zircônias navete na cor marsala. Uma peça ideal para mulheres delicadas e sofisticadas. 
",,,taxable,,1,1,0,0,4,2,1,0,0,,,66.50,"#acessórios, #acessórios > #brincos, #acessórios > #brincos > #cravejados, #kitpresentes","#brinco, #cravejado, #kit4, #kitpresente, #rubi",,http://www.bulkdesign.com.br/aniastore/wp-content/uploads/2017/11/BRINCO-CRAVEJADO-RUBYTULIE-ANIASTORE.png,,,,,,,,,Tamanhos,U,1,1,,,,,,,,
564,simple,BFR005,"Ruby Princess",1,0,visible,,"Brinco folhado a ródio cravejado com zircônias gota na cor marsala e mini zircônias na cor branca. Uma peça delicada, ideal para usar em qual quer ocasião. 
",,,taxable,,1,1,0,0,5,,,,0,,,62.50,"#acessórios, #acessórios > #brincos, #acessórios > #brincos > #cravejados","#brinco, #cravejado, #kirpresente, #kit4, #ruby",,http://www.bulkdesign.com.br/aniastore/wp-content/uploads/2017/11/BRINCO-CRAVEJADO-RUBYPRINCESS-ANIASTORE.jpg.png,,,,,,,,,Tamanhos,U,1,1,,,,,,,,
566,simple,BFR007,"Brinco Bettie Pink",1,0,visible,,"Brinco folhado a ródio cravejado com zircônias na cor marsala. Uma peça sofisticada, perfeita para te acompanhar em todos os momentos. 
",,,taxable,,1,1,0,0,8,,,,0,,,66.50,"#acessórios, #acessórios > #brincos, #acessórios > #brincos > #cravejados","#brinco, #cravejados, #kit4, #kitpresentes",,http://www.bulkdesign.com.br/aniastore/wp-content/uploads/2017/11/BRINCO-CRAVEJADO-BETTIEPINK-ANIASTORE.png,,,,,,,,,Tamanhos,U,1,1,,,,,,,,
568,simple,BFR014,"Ruby Greta",1,0,visible,,"Brinco Leque folhado a ródio cravejado com zircônia central na cor marsala e zircônias baguete na cor branca. Uma peça infalível em suas produções para qual quer ocasião. 
",,,taxable,,1,1,0,0,4,,,,0,,,78.90,"#acessórios, #acessórios > #brincos, #acessórios > #brincos > #cravejados","#brinco, #cravejado, #rubi",,http://www.bulkdesign.com.br/aniastore/wp-content/uploads/2017/11/BRINCO-CRAVEJADO-RUBYGRETA-ANIASTORE-1.png,,,,,,,,,Tamanhos,P,1,1,,,,,,,,
571,simple,BFW020,"Brinco Light Drope",1,0,visible,,"Brinco folhado a ródio cravejado com cristal quadrada na cor opala e zircônias baguete na cor branca. Uma peça sofisticada, perfeita para você te acompanhar a qual quer lugar. 
",,,taxable,,1,1,0,0,9,,,,0,,,82.10,"#acessórios, #acessórios > #brincos, #acessórios > #brincos > #cravejados","#brinco, #cravejados, #zirconias",,http://www.bulkdesign.com.br/aniastore/wp-content/uploads/2017/11/BRINCO-CRAVEJADO-LIGHTDROP-ANIASTORE.png,,,,,,,,,Tamanhos,P,1,1,,,,,,,,
573,simple,BFP022,"Brinco Light Marie",1,0,visible,,"Brinco folhado a ródio cravejado com zircônia quadrada na cor quartzo rosa e zircônias baguete na cor branca. Um brinco ideal para mulheres atuais e fashionistas. ",,,taxable,,1,1,0,0,9,,,,0,,,82.10,"#acessórios, #acessórios > #brincos, #acessórios > #brincos > #cravejados","#brincos, #cravejados, #zirconias",,http://www.bulkdesign.com.br/aniastore/wp-content/uploads/2017/11/BRINCO-CRAVEJADO-LIGHTMARIE-ANIASTORE.png.jpg,,,,,,,,,Tamanhos,P,1,1,,,,,,,,
575,simple,"BFP 025","Brinco Lily Hearth",1,0,visible,,"Brinco folhado a ródio cravejado com zircônia coração na cor quartzo rosa e mini zircônias na cor branca. Uma peça perfeita para te acompanhar em qual quer lugar. 
",,,taxable,,1,1,0,0,7,,,,0,,,91.20,"#acessórios, #acessórios > #brincos, #acessórios > #brincos > #cravejados","#brincos, #cravejados, #zirconias",,http://www.bulkdesign.com.br/aniastore/wp-content/uploads/2017/11/BRINCO-CRAVEJADO-LILYHEART-ANIASTORE.png.jpg,,,,,,,,,Tamanhos,P,1,1,,,,,,,,
580,simple,"BDW 059","Brinco Duo Light",1,0,visible,,"Brinco folheado a ouro cravejado com duas zircônia na cor branca. Um acessório ideal para te acompanhar nas suas principais ocasiões. 
",,,taxable,,1,1,0,0,,,,,0,,,24.90,"#acessórios, #acessórios > #brincos, #acessórios > #brincos > #cravejados","#brinco, #cravejado, #kit2, #kitpresente, #zirconias",,http://www.bulkdesign.com.br/aniastore/wp-content/uploads/2017/11/BRINCO-CRAVEJADO-DUOLIGHT-ANIASTORE.png,,,,,,,,,,,,,,,,,,,,
585,simple,"BDB 073","Brinco Black Pizza",1,0,visible,,"Brinco folheado a ouro cravejado com  mini zircônias e zircônias navete na cor preta. Uma peça perfeita para você completar as melhores produções. 
",,,taxable,,1,1,0,0,5,,,,0,,,125.00,"#acessórios, #acessórios > #brincos, #acessórios > #brincos > #cravejados","#brincos #cravejados #zirconias",,http://www.bulkdesign.com.br/aniastore/wp-content/uploads/2017/11/BRINCO-CRAVEJADO-BLACKPIZZA-ANIASTORE.png,,,,,,,,,Tamanhos,P,1,1,,,,,,,,
587,simple,"BDW 074","Brinco Light Pizza",1,0,visible,,"Brinco folheado a ouro cravejado com  mini zircônias e zircônias navete na cor branca. Um acessório delicado, ideal para mulheres modernas. 
",,,taxable,,1,1,0,0,5,,,,0,,,125.00,"#acessórios, #acessórios > #brincos, #acessórios > #brincos > #cravejados","#brincos, #cravejados, #zirconias",,http://www.bulkdesign.com.br/aniastore/wp-content/uploads/2017/11/BRINCO-CRAVEJADO-LIGHTPIZZA-ANIASTORE.png,,,,,,,,,,,,,,,,,,,,
590,simple,"BDW 081","Brinco Gold Diamond",1,0,visible,,"Brinco folheado a ródio cravejado com zircônias na cor branca. Uma peça ideal para mulheres modernas e fashionistas. 
",,,taxable,,1,1,0,0,4,,,,0,,,89.30,"#acessórios, #acessórios > #brincos > #argolas, #acessórios > #brincos","#brinco, #cravejados, #zirconias",,http://www.bulkdesign.com.br/aniastore/wp-content/uploads/2017/11/BRINCO-CRAVEJADO-GOLDDIAMOND-ANIASTORE.png,,,,,,,,,,,,,,,,,,,,
594,simple,BFB053,"Brinco Pink Scorpion",1,0,visible,,"Brinco Articulado folheado a ródio todo cravejado com mini zircônias na cor branca e zircônias navete na cor safira. Uma peça indispensável na hora de uma super produção. 
",,,taxable,,1,1,0,0,14,,,,0,,,272.90,"#acessórios, #acessórios > #brincos, #acessórios > #brincos > #cravejados","#brincos, #cravejados, #zirconias",,http://www.bulkdesign.com.br/aniastore/wp-content/uploads/2017/11/BRINCO-CRAVEJADO-PINKSCORPION-ANIASTORE.png,,,,,,,,,Tamanhos,P,1,1,,,,,,,,
595,simple,,"produto cabelo",1,0,visible,,,,,taxable,,1,,0,0,,,,,0,,,,,,,http://www.bulkdesign.com.br/aniastore/wp-content/uploads/2017/11/DSC_00-1.png,,,,,,,,,,,,,,,,,,,,
597,simple,,"produto cabelo 2",1,0,visible,,,,,taxable,,1,,0,0,,,,,0,,,,,,,http://www.bulkdesign.com.br/aniastore/wp-content/uploads/2017/11/DSC_00-5.png,,,,,,,,,,,,,,,,,,,,
600,simple,BFR054,"Brinco Pink Troia",1,0,visible,,"Brinco Articulado folheado a ródio todo cravejado com micro zircônias na cor branca e zircônias na cor marsala. Uma ótima opção para mulheres modernas e fashionistas. 
",,,taxable,,1,1,0,0,14,,,,0,,,272.90,"#acessórios, #acessórios > #brincos, #acessórios > #brincos > #cravejados","#brincos, #cravejados, #zirconias",,http://www.bulkdesign.com.br/aniastore/wp-content/uploads/2017/11/BRINCO-CRAVEJADO-PINKTROIA-ANIASTORE.png,,,,,,,,,,,,,,,,,,,,
602,simple,"BFP 051","Brinco Pink Flowers",1,0,visible,,"Brinco Articulado folheado a ródio com zircônias gota na cor marsala e com micro zircônias na cor branca. Um acessório perfeito para mulheres fashionistas e atuais. 
",,,taxable,,1,1,0,0,11,,,,0,,,245.50,"#acessórios, #acessórios > #brincos, #acessórios > #brincos > #cravejados","#brincos, #cravejados, #zirconias",,http://www.bulkdesign.com.br/aniastore/wp-content/uploads/2017/11/BRINCO-CRAVEJADO-PINKFLOWERS-ANIASTORE.png,,,,,,,,,,,,,,,,,,,,
605,simple,BFG044,"Brinco Green Wings",1,0,visible,,"Brinco Articulado folheado a ródio todo cravejado com mini zircônias na cor branca e zircônias navete na cor verde. Um acessório indispensável para suas super produções. 
",,,taxable,,1,1,0,0,9,,,,0,,,180.50,"#acessórios, #acessórios > #brincos, #acessórios > #brincos > #cravejados","#brincos, #cravejados, #zirconias",,http://www.bulkdesign.com.br/aniastore/wp-content/uploads/2017/11/BRINCO-CRAVEJADO-GREENWINGS-ANIASTORE.jpg.png,,,,,,,,,,,,,,,,,,,,
607,simple,BFG057,"Brinco Green Norient",1,0,visible,,"Brinco Articulado folheado a ródio todo cravejado com mini zircônias na cor branca e zircônias na cor verde. Uma peça moderna e sofisticada para te acompanhar nas suas melhores ocasiões. 
",,,taxable,,1,1,0,0,15,,,,0,,,272.90,"#acessórios, #acessórios > #brincos, #acessórios > #brincos > #cravejados","#brinco, #cravejados, #semijoias, #zirconias",,http://www.bulkdesign.com.br/aniastore/wp-content/uploads/2017/11/BRINCO-CRAVEJADO-GREENORIENT-ANIASTORE.png,,,,,,,,,Tamanhos,G,1,1,,,,,,,,
609,simple,BFG047,"Brinco Green Louren",1,0,visible,,"Brinco Articulado folheado a ródio todo cravejado com mini zircônias na cor branca e zircônias na cor verde. Uma peça ideal para super produções. 
",,,taxable,,1,1,0,0,12,,,,0,,,230.00,"#acessórios, #acessórios > #brincos, #acessórios > #brincos > #cravejados","#brinco, #cravejados, #semijoias, #zirconias",,http://www.bulkdesign.com.br/aniastore/wp-content/uploads/2017/11/BRINCO-CRAVEJADO-GREENLOREN-ANIASTORE.png,,,,,,,,,Tamanhos,G,1,1,,,,,,,,
611,simple,BFG056,"Brinco Green Falls",1,0,visible,,"Brinco Articulado folheado a ródio vazado, todo cravejado com micro zircônias na cor branca e zircônias gota na cor verde. Um acessório indispensável para te acompanhar em ótimas ocasiões. ",,,taxable,,1,1,0,0,17,,,,0,,,272.90,"#acessórios, #acessórios > #brincos, #acessórios > #brincos > #cravejados","#brinco, #cravejados, #semijoias, #zirconias",,http://www.bulkdesign.com.br/aniastore/wp-content/uploads/2017/11/BRINCO-CRAVEJADO-GREENFALLS-ANIASTORE.png,,,,,,,,,Tamanhos,G,1,1,,,,,,,,
613,simple,BFG058,"Brinco Green Cleópatra",1,0,visible,,"Brinco Articulado folheado a ródio com cristal central na cor verde e com mini zircônias na cor branca. Um acessório infalível na hora de compor super produções. 
",,,taxable,,1,1,0,0,15,,,,0,,,272.90,"#acessórios, #acessórios > #brincos, #acessórios > #brincos > #cravejados",,,http://www.bulkdesign.com.br/aniastore/wp-content/uploads/2017/11/BRINCO-CRAVEJADO-GREENCLEOPATRA-ANIASTORE.png,,,,,,,,,Tamanhos,G,1,1,,,,,,,,
615,simple,BFB036,"Brinco Elisabeth Moon",1,0,visible,,"Brinco folheado a ródio, vazado e cravejado com zircônias na cor opala e brancas. Uma peça sofisticada e moderna para mulheres atuais e fashionista. 
",,,taxable,,1,1,0,0,12,,,,0,,,135.90,"#acessórios, #acessórios > #brincos, #acessórios > #brincos > #cravejados","#brinco, #cravejado, #semijoias, #zirconia",,http://www.bulkdesign.com.br/aniastore/wp-content/uploads/2017/11/BRINCO-CRAVEJADO-ELIZABETHMOON-ANIASTORE.png,,,,,,,,,Tamanhos,G,1,1,,,,,,,,
617,simple,"BFB 089","Brinco Princess Bride",1,0,visible,,"Brinco articulado folheado a ródio com pérola e cavejado com zircônias navete na cor branca. Uma peça perfeita para te acompanhar em ocasiões especiais. 
",,,taxable,,1,1,0,0,14,,,,0,,,199.90,"#acessórios, #acessórios > #brincos, #acessórios > #brincos > #cravejados","#brinco, #cravejado, #semijoia, #zirconia",,http://www.bulkdesign.com.br/aniastore/wp-content/uploads/2017/11/BRINCO-CRAVEJADO-PRINCESBRIDE-ANIASTORE.png,,,,,,,,,,,,,,,,,,,,
619,simple,"BFP 087","Brinco Ritahay Worth",1,0,visible,,"Brinco articulado folheado a ródio cravejado com zircônias gota e baquete na cor branca. Uma peça sofisticada, perfeita para mulheres de personalidade e modernas. 
",,,taxable,,1,1,0,0,11,,,,0,,,145.90,"#acessórios, #acessórios > #brincos, #acessórios > #brincos > #cravejados","#brinco, #cravejados, #semijoia, #zirconias",,http://www.bulkdesign.com.br/aniastore/wp-content/uploads/2017/11/BRINCO-CRAVEJADO-RITAHAYWORTH-ANIASTORE.png,,,,,,,,,Tamanhos,G,1,1,,,,,,,,
622,simple,BFB050,"Brinco Blue Pandora",1,0,visible,,"Brinco Articulado folheado a ródio com cristal central na cor água marinha e com zircônias baguete na cor branca. Uma peça ideal para mulheres modernas e sofisticadas. 
",,,taxable,,1,1,0,0,18,,,,0,,,230.00,"#acessórios, #acessórios > #brincos, #acessórios > #brincos > #cravejados","#brincos, #cravejados, #semijoias, #zirconias",,http://www.bulkdesign.com.br/aniastore/wp-content/uploads/2017/11/BRINCO-CRAVEJADO-BLUEPANDORA-ANIASTORE.png,,,,,,,,,,,,,,,,,,,,
625,simple,"BPP 068","Brinco Pink Daise",1,0,visible,,"Brinco folheado a ródio, cravejado com zircônia gota e navete na cor marsala e micro zircônias branca. Uma peça perfeita para te acompanhar em qual quer momento do seu dia à dia. ",,,taxable,,1,1,0,0,5,,,,0,,,58.90,"#acessórios, #acessórios > #brincos, #acessórios > #brincos > #cravejados, #kitpresentes","#brinco, #cravejados, #kit4, #kitpresente, #semijoias",,http://www.bulkdesign.com.br/aniastore/wp-content/uploads/2017/11/BRINCO-CRAVEJADO-PINKDAISE-ANIASTORE.png,,,,,,,,,,,,,,,,,,,,
627,simple,BFW018,"Brinco Light Moon",1,0,visible,,"Brinco folhado a ródio cravejado com zircônia gota e zircônias baguete na ambas cor branca. Um acessório ideal para mulheres modernas e delicadas. ",,,taxable,,1,1,0,0,7,,,,0,,,78.50,"#acessórios, #acessórios > #brincos, #acessórios > #brincos > #cravejados","#brincos, #cravejados, #semijoias, #zirconias",,http://www.bulkdesign.com.br/aniastore/wp-content/uploads/2017/11/BRINCO-CRAVEJADO-LIGHTMOON-ANIASTORE.png.jpg,,,,,,,,,Tamanhos,P,1,1,,,,,,,,
629,simple,BFG029,"Brinco Green Anne",1,0,visible,,"Brinco folhado a ródio cravejado com zircônia central na cor verde e zircônias na cor branca. Um acessório indispensável para mulheres modernas e atuais. ",,,taxable,,1,1,0,0,7,,,,0,,,103.90,"#acessórios, #acessórios > #brincos, #acessórios > #brincos > #cravejados","#brincos, #cravejados, #semijoia, #zirconias",,http://www.bulkdesign.com.br/aniastore/wp-content/uploads/2017/11/BRINCO-CRAVEJADO-GREENANNE-ANIASTORE.png,,,,,,,,,Tamanhos,P,1,1,,,,,,,,
631,simple,"BFB 019","Brinco Royal Star",1,0,visible,,"Brinco folhado a ródio cravejado com zircônias baguete na cor azul. Tamanho ideal para mulheres delicadas e sofisticadas. ",,,taxable,,1,1,0,0,5,,,,0,,,78.50,"#acessórios, #acessórios > #brincos, #acessórios > #brincos > #cravejados","#brinco, #semijoias, #zirconias",,http://www.bulkdesign.com.br/aniastore/wp-content/uploads/2017/11/BRINCO-CRAVEJADO-ROYALSTAR-ANIASTORE.png,,,,,,,,,Tamanhos,P,1,1,,,,,,,,
633,simple,"BDW 075","Brinco Ponto Luz",1,0,visible,,"Brinco folheado a ouro cravejado com uma zircônia na cor branca. Uma peça super delicada, para te acompanhar em qual quer lugar. ",,,taxable,,1,1,0,0,4,,,,0,,,29.90,"#acessórios, #acessórios > #brincos, #acessórios > #brincos > #cravejados, #kitpresentes","#brinco, #kit2, #kitpresente, #semijoia, #zirconia",,http://www.bulkdesign.com.br/aniastore/wp-content/uploads/2017/11/BRINCO-CRAVEJADO-PONTODELUZ-ANIASTORE-1.png,,,,,,,,,Tamanhos,P,1,1,,,,,,,,
635,simple,"BDW 069","Petit Hearth",1,0,visible,,"Brinco folheado a ouro tipo argola em formato de coração cravejado com  mini zircônias na cor branca. Uma peça perfeita apra mulheres modernas e delicadas. ",,,taxable,,1,1,0,0,5,,,,0,,,59.90,"#acessórios, #acessórios > #brincos, #acessórios > #brincos > #cravejados","#brinco, #cravejados, #kit4, #kitpresente, #semijoia, #zirconias",,http://www.bulkdesign.com.br/aniastore/wp-content/uploads/2017/11/BRINCO-CRAVEJADO-PETITHEART-ANIASTORE.png,,,,,,,,,Tamanhos,P,1,1,,,,,,,,
637,simple,"BFG 026","Brinco Esmeralda",1,0,visible,,"Brinco folhado a ródio cravejado com zircônia central na cor verde e mini zircônias na cor branca. Uma peça indispensável na produção de looks sofisticados. ",,,taxable,,1,1,0,0,9,,,,0,,,91.90,"#acessórios, #acessórios > #brincos, #acessórios > #brincos > #cravejados","#brinco, #cravejados, #semijoia, #zirconias",,http://www.bulkdesign.com.br/aniastore/wp-content/uploads/2017/11/BRINCO-CRAVEJADO-ESMERALDA-ANIASTORE.png,,,,,,,,,Tamanhos,P,1,1,,,,,,,,
639,simple,"BDW 062","Brinco Dolg Flower",1,0,visible,,"Brinco folheado a ouro cravejado com  mini zircônias na cor branca. Uma peça perfeita para mulheres modernas e delicadas.",,,taxable,,1,1,0,0,2,,,,0,,,55.10,"#acessórios, #acessórios > #brincos, #acessórios > #brincos > #cravejados, #kitpresentes","#brinco, #cravejado, #kit4, #kitpresente, #semijoia, #zirconia",,http://www.bulkdesign.com.br/aniastore/wp-content/uploads/2017/11/BRINCO-CRAVEJADO-DOLGFLOWER-ANIASTORE.png,,,,,,,,,Tamanhos,P,1,1,,,,,,,,
641,simple,"BDW 080","Brinco Diamond Hearth",1,0,visible,,"Brinco folheado a ouro em formato de coração cravejado com  mini zircônias na cor branca. Um acessório perfeito para mulheres atuais e sofisticadas. ",,,taxable,,1,1,0,0,5,,,,0,,,59.90,"#acessórios, #acessórios > #brincos, #acessórios > #brincos > #cravejados","#brincos, #cravejados, #kit4, #kitpresente, #semijoias, #zirconias",,http://www.bulkdesign.com.br/aniastore/wp-content/uploads/2017/11/BRINCO-CRAVEJADO-DIAMONDHEART-ANIASTORE.png,,,,,,,,,Tamanhos,P,1,1,,,,,,,,
643,simple,"BFB 023","Brinco Blue Dietrich",1,0,visible,,"Brinco folhado a ródio cravejado com zircônia central na cor azul e mini zircônias na cor branca. Um acessório ideal para mulheres modernas e atuais. ",,,taxable,,1,1,0,0,5,,,,0,,,91.20,"#acessórios, #acessórios > #brincos, #acessórios > #brincos > #cravejados","#brinco, #cravejados, #semijoia, #zirconias",,http://www.bulkdesign.com.br/aniastore/wp-content/uploads/2017/11/BRINCO-CRAVEJADO-BLUEDIETRICH-ANIASTORE-1.png,,,,,,,,,Tamanhos,P,1,1,,,,,,,,
645,simple,"BPB 066","Brinco Blue bee",1,0,visible,,"Brinco folheado a ródio, cravejado com zircônia oval na cor azul e micro zircônias branca. Uma peça sofisticada, ideal para mulheres modernas e atuais. ",,,taxable,,1,1,0,0,9,,,,0,,,58.90,"#acessórios, #acessórios > #brincos, #acessórios > #brincos > #cravejados","#brinco, #cravejado, #kit4, #kitpresente, #semijoias",,http://www.bulkdesign.com.br/aniastore/wp-content/uploads/2017/11/BRINCO-CRAVEJADO-BLUEBEE-ANIASTORE.png,,,,,,,,,,,,,,,,,,,,
647,simple,BFG010,"Brinco Bettie Green",1,0,visible,,"Brinco folhado a ródio cravejado com zircônias na cor verde. Uma peça delicada, ideal para te acompanhar nos seus momentos mais importantes. ",,,taxable,,1,1,0,0,8,,,,0,,,66.50,"#acessórios, #acessórios > #brincos, #acessórios > #brincos > #cravejados","#brincos, #cravejados, #kit4, #kitpresentes, #zirconias",,http://www.bulkdesign.com.br/aniastore/wp-content/uploads/2017/11/BRINCO-CRAVEJADO-BETTIEGREEN-ANIASTORE.png,,,,,,,,,Tamanhos,P,1,1,,,,,,,,
650,simple,BFP052,"Brinco Pink HepBurn",1,0,visible,,"Brinco ""U"" folheado a ródio, cravejado com zircônias na cor quartzo rosa e mini zircônias brancas. Uma peça ideal para mulheres modernas e fashionistas. ",,,taxable,,1,1,0,0,9,,,,0,,,242.90,"#acessórios, #acessórios > #brincos, #acessórios > #brincos > #cravejados","#brinco, #cravejados, #semijoias, #zirconias",,http://www.bulkdesign.com.br/aniastore/wp-content/uploads/2017/11/BRINCO-CRAVEJADO-PINKHEPBURN-ANIASTORE.png,,,,,,,,,Tamanhos,P,1,1,,,,,,,,
653,simple,"BPP 070","Brinco Pink Flower",1,0,visible,,"Brinco folheado a ródio com pérola central e cravejado com zircônias na cor marsala. Um acessório indispensável na hora de realizar boas produções. ",,,taxable,,1,1,0,0,8,,,,0,,,89.90,"#acessórios, #acessórios > #brincos, #acessórios > #brincos > #cravejados","#brinco, #cravejados, #semijoias, #zirconias",,http://www.bulkdesign.com.br/aniastore/wp-content/uploads/2017/11/BRINCO-CRAVEJADO-PINKFLOWER-ANIASTORE.png,,,,,,,,,Tamanhos,P,1,1,,,,,,,,
655,simple,BFG037,"Brinco Maxi Esmeralda",1,0,visible,,"Brinco folhado a ródio cravejado com zircônias gotas na cor verde e mini zircônias na cor branca. Um acessório para te acompanhar em qual quer lugar. ",,,taxable,,1,1,0,0,7,,,,0,,,130.90,"#acessórios, #acessórios > #brincos, #acessórios > #brincos > #cravejados","#brincos, #semijoias, #zirconias",,http://www.bulkdesign.com.br/aniastore/wp-content/uploads/2017/11/BRINCO-CRAVEJADO-MAXIESMERALDA-ANIASTORE.jpg.png,,,,,,,,,Tamanhos,P,1,1,,,,,,,,
657,simple,"BFP 084","Brinco Lauren Bacall",1,0,visible,,"Brinco folheado a ródio com pérola central e cravejado com zircônias navete na cor branca. Uma peça perfeita para mulheres modernas e sofisticadas. ",,,taxable,,1,1,0,0,10,,,,0,,,89.90,"#acessórios, #acessórios > #brincos, #acessórios > #brincos > #cravejados","#brinco, #cravejados, #perola, #semijoias, #zirconia",,http://www.bulkdesign.com.br/aniastore/wp-content/uploads/2017/11/BRINCO-CRAVEJADO-LAURENBACALL-ANIASTORE.png,,,,,,,,,Tamanhos,M,1,1,,,,,,,,
659,simple,"BFP 103","Brinco Elisabeth Queen",1,0,visible,,"Brinco folheado a ródio com pérola central e cravejado com zircônias na cor branca. Uma peça delicada e sútil, perfeita para mulheres modernas. ",,,taxable,,1,1,0,0,8,,,,0,,,99.90,"#acessórios, #acessórios > #brincos, #acessórios > #brincos > #cravejados","#brinco, #cravejado, #perola, #semijoia, #zirconias",,http://www.bulkdesign.com.br/aniastore/wp-content/uploads/2017/11/BRINCO-CRAVEJADO-ELIZABETHQUEEN-ANIASTORE.jpg.png,,,,,,,,,Tamanhos,P,1,1,,,,,,,,
661,simple,"BDP 060","Brinco Lady Di",1,0,visible,,"Brinco folheado a ouro com pingente de pérola. Uma peça sútil, ideal para mulheres modernas e sofisticadas. ",,,taxable,,1,1,0,0,4,,,,0,,,32.10,"#acessórios, #acessórios > #brincos, #acessórios > #brincos > #cravejados","#brinco, #cravejado, #kit3, #kitpresente, #perola, #semijoia",,http://www.bulkdesign.com.br/aniastore/wp-content/uploads/2017/11/BRINCO-CRAVEJADO-LADYDI-ANIASTORE.png,,,,,,,,,Tamanhos,M,1,1,,,,,,,,
665,simple,"BDW 072","Brinco Lady Diana",1,0,visible,,"Brinco folheado a ródio com pérola central e cravejado com zircônias na cor branca. Uma peça com estilo suave, ideal para mulheres delicadas. ",,,taxable,,1,1,0,0,11,,,,0,,,99.90,"#acessórios, #acessórios > #brincos, #acessórios > #brincos > #cravejados","#brincos, #cravejados, #perolas, #semijoias, #zirconias",,http://www.bulkdesign.com.br/aniastore/wp-content/uploads/2017/11/BRINCO-CRAVEJADO-LADYDIANA-ANIASTORE.png,,,,,,,,,Tamanhos,P,1,1,,,,,,,,
667,simple,"BFP 083","Brinco Princess Kate",1,0,visible,,"Brinco folheado a ródio com pérola e cravejado com zircônias navete na cor branca. Uma peça delicada, perfeita para mulheres sofisticadas com uma pitada de sutilidade. ",,,taxable,,1,1,0,0,10,,,,0,,,85.50,"#acessórios, #acessórios > #brincos, #acessórios > #brincos > #cravejados","#brinco, #cravejados, #perola, #semijoia, #zirconias",,http://www.bulkdesign.com.br/aniastore/wp-content/uploads/2017/11/CBRINCO-CRAVEJADO-PRINCESKATE-ANIASTORE.png,,,,,,,,,Tamanhos,P,1,1,,,,,,,,
669,simple,"BFP 102","Brinco Little Pearl",1,0,visible,,"Brinco folheado a ródio com pérola central e cravejado com mini zircônias na cor branca. Um acessório ideal para o dia à dia de uma mulher moderna. ",,,taxable,,1,1,0,0,6,,,,0,,,59.90,"#acessórios, #acessórios > #brincos, #acessórios > #brincos > #cravejados","#brinco, #cravejados, #kitpresente, #perola, #zirconia",,http://www.bulkdesign.com.br/aniastore/wp-content/uploads/2017/11/BRINCO-CRAVEJADO-LITTLEPEARL-ANIASTORE.png,,,,,,,,,Tamanhos,P,1,1,,,,,,,,
671,simple,"BDP 061","Brinco Triple Pearl",1,0,visible,,"Brinco folheado a ouro com pérolas. Uma ótima opção para ocasiões descontraídas. ",,,taxable,,1,1,0,0,7,,,,0,,,42.50,"#acessórios, #acessórios > #brincos, #acessórios > #brincos > #cravejados","#brinco, #kit3, #kitpresente, #perola, #semijoias",,http://www.bulkdesign.com.br/aniastore/wp-content/uploads/2017/11/BRINCO-CRAVEJADO-TRIPLEPEARL-ANIASTORE.png,,,,,,,,,Tamanhos,M,1,1,,,,,,,,
673,simple,"BFP 089","Brinco Silver Bride",1,0,visible,,"Brinco pendulo folheado a ródio com pérola central e cravejado com zircônias navete na cor branca. Uma peça sofisticada ideal para mulheres atuais e modernas. ",,,taxable,,1,1,0,0,10,,,,0,,,215.50,"#acessórios, #acessórios > #brincos, #acessórios > #brincos > #cravejados","#brinco, #cravejado, #perola, #semijoia, #zirconias",,http://www.bulkdesign.com.br/aniastore/wp-content/uploads/2017/11/BRINCO-CRAVEJADO-SILVERBRIDE-ANIASTORE.jpg.png,,,,,,,,,Tamanhos,M,1,1,,,,,,,,
676,simple,BFB049,"Brinco Royal Queen",1,0,visible,,"Brinco Articulado folheado a ródio com cristais centrais nas cores safira e branca e com zircônias baguete na cor branca. Um acessório ideal para mulheres de personalidade. ",,,taxable,,1,1,0,0,13,,,,0,,,230.00,"#acessórios, #acessórios > #brincos, #acessórios > #brincos > #cravejados","#brincos, #cravejados, #zirconias",,http://www.bulkdesign.com.br/aniastore/wp-content/uploads/2017/11/BRINCO-CRAVEJADO-ROYALQUEEN-ANIASTORE.png,,,,,,,,,Tamanhos,P,1,1,,,,,,,,
679,simple,BFG038,"Brinco Green Rivieira",1,0,visible,,"Brinco folheado a ródio, vazado com pendulo gota e cravejado com zircônias na cor turmalina e brancas. Uma peça ideal para mulheres com personalidade e fashionista. ",,,taxable,,1,1,0,0,7,,,,0,,,130.00,"#acessórios, #acessórios > #brincos, #acessórios > #brincos > #cravejados","#brinco, #cravejado, #zirconia",,http://www.bulkdesign.com.br/aniastore/wp-content/uploads/2017/11/BRINCO-CRAVEJADO-GREENRIVIERA-ANIASTORE.png.jpg,,,,,,,,,Tamanhos,M,1,1,,,,,,,,
681,simple,BFB032,"Brinco Green Mônaco",1,0,visible,,"Brinco leque folheado a ródio, cravejado com zircônias navete na cor  água marinha e micro zircônias branca. Uma peça ideal para mulheres com personalidade e atuais. ",,,taxable,,1,1,0,0,8,,,,0,,,120.10,"#acessórios, #acessórios > #brincos, #acessórios > #brincos > #cravejados","#brinco, #cravejados, #zirconias",,http://www.bulkdesign.com.br/aniastore/wp-content/uploads/2017/11/BRINCO-CRAVEJADO-GREENMÔNACO-ANIASTORE.png.jpg,,,,,,,,,Tamanhos,M,1,1,,,,,,,,
683,simple,BFG028,"Brinco Green Meryl",1,0,visible,,"Brinco Articulado folheado a ródio cravejado com zircônias gota e cristal, ambas na cor verde. Um acessório perfeito para te acompanhar nas suas melhores produções. ",,,taxable,,1,1,0,0,5,,,,0,,,105.90,"#acessórios, #acessórios > #brincos, #acessórios > #brincos > #cravejados","#brinco, #semijoia, #zirconia",,http://www.bulkdesign.com.br/aniastore/wp-content/uploads/2017/11/BRINCO-CRAVEJADO-GREENMERYL-ANIASTORE.png,,,,,,,,,Tamanhos,M,1,1,,,,,,,,
685,simple,BFB040,"Brinco Green Hearth",1,0,visible,,"Brinco folheado a ródio, cravejado com zircônia gota e navete na cor água marinha leitosa e micro zircônias branca. Uma peça ideal para mulheres atuais e modernas. ",,,taxable,,1,1,0,0,9,,,,0,,,155.90,"#acessórios, #acessórios > #brincos, #acessórios > #brincos > #cravejados","#brinco, #cravejado, #semijoias",,http://www.bulkdesign.com.br/aniastore/wp-content/uploads/2017/11/BRINCO-CRAVEJADO-GREENHEART-ANIASTORE.png,,,,,,,,,Tamanhos,M,1,1,,,,,,,,
687,simple,"BPG 064","Brinco Green Cristal",1,0,visible,,"Brinco folheado a ródio, cravejado com cristal cental gota na cor  esmeralda e zircônias naveta na cor branca. Um acessório ideal para te acompanhar em seus melhores momentos. ",,,taxable,,1,1,0,0,7,,,,0,,,62.50,"#acessórios, #acessórios > #brincos, #acessórios > #brincos > #cravejados","#brinco, #cravejados, #kit4, #kitpresente, #zirconias",,http://www.bulkdesign.com.br/aniastore/wp-content/uploads/2017/11/BRINCO-CRAVEJADO-GREENCRISTAL-ANIASTORE.png,,,,,,,,,Tamanhos,M,1,1,,,,,,,,
689,simple,BFG041,"Brinco Green Cléo",1,0,visible,,"Brinco Articulado folheado a ródio com cristal central gota na cor verde e com mini zircônias na cor branca. Uma peça ideal para mulheres de personalidade e modernas. ",,,taxable,,1,1,0,0,9,,,,0,,,159.90,"#acessórios, #acessórios > #brincos, #acessórios > #brincos > #cravejados","#brinco, #cravejados, #semijoia, #zirconias",,http://www.bulkdesign.com.br/aniastore/wp-content/uploads/2017/11/BRINCO-CRAVEJADO-GREENCLÉO-ANIASTORE.png,,,,,,,,,Tamanhos,M,1,1,,,,,,,,
691,simple,BFB045,"Brinco Blue Storm",1,0,visible,,"Brinco folheado a ródio com cristal central triangulo na cor água marinha e cravejado com mini zircônias na cor branca. Uma peça Geométrica com um toque étnico, ideal para mulheres com personalidade. ",,,taxable,,1,1,0,0,7,,,,0,,,168.90,"#acessórios, #acessórios > #brincos, #acessórios > #brincos > #cravejados","#brinco, #cravejado, #semijoias, #zirconias",,http://www.bulkdesign.com.br/aniastore/wp-content/uploads/2017/11/BRINCO-CRAVEJADO-BLUESTORM-ANIASTORE.jpg.png,,,,,,,,,Tamanhos,M,1,1,,,,,,,,
693,simple,"BPB 065","Brinco  Blue Cristal",1,0,visible,,"Brinco folheado a ródio, cravejado com cristal central gota na cor  tanzanite e zircônias naveta na cor branca. Uma peça sofisticada e versátil, uma ótima opção para qual quer estilo. ",,,taxable,,1,1,0,0,9,,,,0,,,62.50,"#acessórios, #acessórios > #brincos, #acessórios > #brincos > #cravejados","#brincos, #cravejados, #semijoias, #zirconias",,http://www.bulkdesign.com.br/aniastore/wp-content/uploads/2017/11/BRINCO-CRAVEJADO-BLUECRISTAL-ANIASTORE.jpg.png,,,,,,,,,Tamanhos,M,1,1,,,,,,,,
695,simple,BFB039,"Brinco Blue Circle",1,0,visible,,"Brinco folheado a ródio, cravejado com zircônias gota nas cores azul e branca. Uma ótima opção para mulheres de personalidade e fashionista. ",,,taxable,,1,1,0,0,9,,,,0,,,155.90,"#acessórios, #acessórios > #brincos, #acessórios > #brincos > #cravejados","#brincos, #cravejados, #semijoias",,http://www.bulkdesign.com.br/aniastore/wp-content/uploads/2017/11/BRINCO-CRAVEJADO-BLUECIRCLE-ANIASTORE.png,,,,,,,,,Tamanhos,M,1,1,,,,,,,,
697,simple,BFB043,"Ice Wings",1,0,visible,,"Brinco Articulado folheado a ródio todo cravejado com mini zircônias na cor branca e zircônias navete na cor água marinha leitosa. Uma peça ideal para ocasiões noturnas. ",,,taxable,,1,1,0,0,9,,,,0,,,180.50,"#acessórios, #acessórios > #brincos, #acessórios > #brincos > #cravejados","#brincos, #cravejados, #zirconias",,http://www.bulkdesign.com.br/aniastore/wp-content/uploads/2017/11/BRINCO-CRAVEJADO-ICEWINGS-ANIASTORE.png,,,,,,,,,Tamanhos,G,1,1,,,,,,,,
699,simple,"BFP 086","Brinco Silver star",1,0,visible,,"Brinco folheado a ródio cravejado com zircônias na cor branca. Uma peça super delicada e sofisticada, ideal para te acompanhar em ocasiões noturnas. ",,,taxable,,1,1,0,0,9,,,,0,,,62.50,"#acessórios, #acessórios > #brincos, #acessórios > #brincos > #cravejados","#brincos, #cravejados, #semijoias, #zirconias",,http://www.bulkdesign.com.br/aniastore/wp-content/uploads/2017/11/BRINCO-CRAVEJADO-SILVERSTAR-ANIASTORE.png,,,,,,,,,Tamanhos,M,1,1,,,,,,,,
701,simple,BFP003,"Brinco Rose Moon",1,0,visible,,"Brinco ""C"" folhado a ródio cravejado com zircônias navete na cor rosa quartzo. Uma peça super delicada, ideal para mulheres chic e sofisticadas. ",,,taxable,,1,1,0,0,4,,,,0,,,49.90,"#acessórios, #acessórios > #brincos, #acessórios > #brincos > #cravejados","#brinco, #cravejados, #kit4, #kitpresente",,http://www.bulkdesign.com.br/aniastore/wp-content/uploads/2017/11/BRINCO-CRAVEJADO-ROSEMOON-ANIASTORE.png,,,,,,,,,Tamanhos,P,1,1,,,,,,,,
703,simple,BFP004,"Brinco White Moon",1,0,visible,,"Brinco ""C"" folhado a ródio cravejado com zircônias navete na cor água marinha leitosa.",,,taxable,,1,1,0,0,4,,,,0,,,49.90,"#acessórios, #acessórios > #brincos, #acessórios > #brincos > #cravejados","#brincos #cravejados #zirconias #kit4 #kirpresente",,http://www.bulkdesign.com.br/aniastore/wp-content/uploads/2017/11/BRINCO-CRAVEJADO-WHITEMOON-ANIASTORE.png,,,,,,,,,Tamanhos,P,1,1,,,,,,,,
707,simple,BFB042,"Brinco Sea Wings",1,0,visible,,"Brinco Articulado folheado a ródio todo cravejado com mini zircônias na cor branca e zircônias navete na cor água marinha. Ideal para te acompanhar em qual quer ocasião noturna.",,,taxable,,1,1,0,0,9,,,,0,,,180.50,"#acessórios, #acessórios > #brincos, #acessórios > #brincos > #cravejados","#brincos #zirconias #cravejados #semijoias",,http://www.bulkdesign.com.br/aniastore/wp-content/uploads/2017/11/BRINCO-CRAVEJADO-SEAWINGS-ANIASTORE.jpg.png,,,,,,,,,Tamanhos,G,1,1,,,,,,,,
